{
  "numTotalTestSuites": 1,
  "numPassedTestSuites": 1,
  "numFailedTestSuites": 0,
  "numPendingTestSuites": 0,
  "numTotalTests": 7,
  "numPassedTests": 4,
  "numFailedTests": 3,
  "numPendingTests": 0,
  "numTodoTests": 0,
  "startTime": 1722005471208,
  "success": false,
  "testResults": [
    {
      "assertionResults": [
        {
          "ancestorTitles": [
            ""
          ],
          "fullName": " darkMode hooku için dosya ismi readmede istendiği gibi doğru ayarlanmış",
          "status": "passed",
          "title": "darkMode hooku için dosya ismi readmede istendiği gibi doğru ayarlanmış",
          "duration": 474,
          "failureMessages": []
        },
        {
          "ancestorTitles": [
            ""
          ],
          "fullName": " localStorage hooku için dosya ismi readmede istendiği gibi doğru ayarlanmış",
          "status": "passed",
          "title": "localStorage hooku için dosya ismi readmede istendiği gibi doğru ayarlanmış",
          "duration": 277,
          "failureMessages": []
        },
        {
          "ancestorTitles": [
            ""
          ],
          "fullName": " darkMode hooku react hookları gibi named export olarak tanımlanmış. (default export değil)",
          "status": "passed",
          "title": "darkMode hooku react hookları gibi named export olarak tanımlanmış. (default export değil)",
          "duration": 254,
          "failureMessages": []
        },
        {
          "ancestorTitles": [
            ""
          ],
          "fullName": " localStorage hooku named export olarak tanımlanmış. (default export değil)",
          "status": "passed",
          "title": "localStorage hooku named export olarak tanımlanmış. (default export değil)",
          "duration": 258,
          "failureMessages": []
        },
        {
          "ancestorTitles": [
            ""
          ],
          "fullName": " Navbar.jsx deki darkMode butonu App.jsx dosyasında en üstteki div e dark-mode classını ekliyor.",
          "status": "failed",
          "title": "Navbar.jsx deki darkMode butonu App.jsx dosyasında en üstteki div e dark-mode classını ekliyor.",
          "duration": 459,
          "failureMessages": [
            "\u001b[2mexpect(\u001b[22m\u001b[31melement\u001b[39m\u001b[2m).toHaveClass(\u001b[22m\u001b[32m\u001b[32m\"dark-mode\"\u001b[32m\u001b[39m\u001b[2m)\u001b[22m\n\nExpected the element to have class:\n\u001b[32m  dark-mode\u001b[39m\nReceived:\n\u001b[31m  App\u001b[39m"
          ],
          "location": {
            "line": 65,
            "column": 43
          }
        },
        {
          "ancestorTitles": [
            ""
          ],
          "fullName": " darkMode uygulamanın ilk renderında localStoragea false başlangıç değeri ile kaydediliyor.",
          "status": "failed",
          "title": "darkMode uygulamanın ilk renderında localStoragea false başlangıç değeri ile kaydediliyor.",
          "duration": 237,
          "failureMessages": [
            "expected null to be 'false' // Object.is equality"
          ],
          "location": {
            "line": 69,
            "column": 44
          }
        },
        {
          "ancestorTitles": [
            ""
          ],
          "fullName": " darkMode localStorage a her değiştiğinde kaydediliyor.",
          "status": "failed",
          "title": "darkMode localStorage a her değiştiğinde kaydediliyor.",
          "duration": 434,
          "failureMessages": [
            "expected null to be 'true' // Object.is equality"
          ],
          "location": {
            "line": 76,
            "column": 44
          }
        }
      ],
      "startTime": 1722005485862,
      "endTime": 1722005488255,
      "status": "failed",
      "message": "",
      "name": "/home/projects/vitejs-vite-zziwh3/src/__tests__/index.test.jsx"
    }
  ]
}